"Population","Error","OBJECTID"
9149423,31,1
5111022,35,2
9816008,94,3
7329447,38,4
5270769,41,5
5376061,30,6
5576298,58,7
229524,38,8
5298173,64,9
7520312,11,10
1697158,37,11
35106,14,12
1962922,38,13
2681734,1,14
5111307,100,15
545219,59,16
9511040,75,17
4093880,61,18
3505143,67,19
6649907,37,20
4118495,36,21
5340450,79,22
8607261,21,23
1798472,29,24
9404314,67,25
4346630,68,26
4912415,86,27
9908133,7,28
6413580,91,29
1349377,94,30
9848656,96,31
5659427,76,32
8645035,86,33
3925703,11,34
9697844,55,35
5474502,80,36
6192065,51,37
5046896,8,38
3084147,53,39
2176702,6,40
6185039,73,41
8621741,77,42
6613118,75,43
8362888,28,44
1423874,35,45
558779,9,46
1287645,97,47
6058149,7,48
9658861,5,49
7235890,68,50
7940086,8,51
7037556,33,52
5632488,25,53
8359741,81,54
4506130,19,55
9387116,51,56
5468881,52,57
8597908,87,58
2051552,66,59
7442609,60,60
8717723,49,61
8694160,68,62
6954688,64,63
9621590,46,64
112210,1,65
3568488,73,66
6521116,3,67
789589,51,68
5828386,1,69
4248782,53,70
5998291,48,71
6182418,83,72
1777974,48,73
6368113,90,74
2003851,19,75
2030018,60,76
4277008,95,77
3254163,43,78
3668360,70,79
9015194,42,80
4314631,6,81
1353657,91,82
1694730,97,83
6770088,30,84
3486731,92,85
6586393,85,86
7839660,29,87
2292771,58,88
8652522,5,89
4322711,13,90
2298925,99,91
3038117,78,92
5821106,4,93
7382595,33,94
5646475,31,95
4283172,27,96
8481051,100,97
7611422,23,98
1614426,91,99
4089052,98,100
817429,4,101
8583270,38,102
2334329,22,103
30039,22,104
4275173,99,105
5282852,46,106
4305611,60,107
5270287,83,108
307998,55,109
1523950,80,110
9047552,49,111
1726712,3,112
8721635,12,113
4115208,91,114
3031678,35,115
6482137,11,116
9431302,87,117
8599650,6,118
4925219,60,119
6944054,50,120
5795532,30,121
4526758,48,122
3149711,8,123
9659813,72,124
2425873,45,125
6495203,88,126
2448600,4,127
7533113,52,128
6971011,8,129
380278,97,130
8941040,5,131
6534391,22,132
1299059,83,133
7365457,39,134
9647527,96,135
7403999,99,136
6701033,22,137
5686798,53,138
4284224,59,139
974408,6,140
3431276,42,141
8660224,19,142
8185629,4,143
9937643,40,144
6947214,75,145
7884022,70,146
6956165,93,147
386455,87,148
8146985,56,149
6727403,70,150
8056674,21,151
993578,52,152
342314,19,153
2818533,66,154
7061676,60,155
2686988,98,156
4078934,64,157
5133941,1,158
5776822,62,159
8668036,20,160
7008374,54,161
2311560,47,162
7826203,16,163
5315271,100,164
6800513,95,165
4487830,16,166
460777,42,167
3485780,99,168
3231831,50,169
2635112,93,170
8899776,81,171
7554222,80,172
4155493,98,173
6767328,98,174
1314687,59,175
7695587,56,176
467974,10,177
2544743,45,178
3630080,98,179
3009876,8,180
916735,10,181
265330,42,182
3259971,93,183
5840781,83,184
764612,50,185
8781141,24,186
2369410,40,187
2395943,72,188
5064736,64,189
3270470,4,190
8585338,64,191
53585,92,192
3719857,12,193
3255326,61,194
7182333,76,195
8210789,77,196
9189844,91,197
8962029,77,198
5045793,53,199
5991387,58,200
7959394,92,201
3510435,64,202
1063846,63,203
6277357,27,204
6939138,60,205
3963423,65,206
3295260,88,207
3608663,12,208
9253932,3,209
5899508,4,210
8403406,30,211
9438721,93,212
7553513,91,213
1158267,78,214
2094152,98,215
8405205,18,216
8808981,60,217
5528935,79,218
3395789,24,219
3275719,48,220
1120422,1,221
7212823,16,222
2941514,59,223
5729064,9,224
4884915,73,225
8701875,24,226
4706103,66,227
7854399,19,228
9779877,45,229
8556634,25,230
1592983,47,231
8007077,84,232
6794728,49,233
5233892,19,234
5615320,25,235
7534657,96,236
5665710,73,237
613557,91,238
5107130,9,239
9822250,5,240
2473252,15,241
9714880,3,242
6394475,53,243
2197760,26,244
7201964,100,245
1203455,11,246
5900939,64,247
1788654,52,248
3073029,93,249
6216756,60,250
4980,62,251
